chain,resseq,icode,resname,ASA_complex_A2,ASA_free_A2,dASA_A2,is_epitope_dASA,is_epitope_distance,is_epitope_intersection,hydrophobicity,charge_at_pH7.4
A,18,,ALA,133.67303325110092,146.38674456091343,12.71371130981251,True,False,False,1.8,-0.39219770206852334
A,19,,PHE,35.22801045998747,40.92403210021113,5.696021640223655,True,False,False,2.8,-0.4425471324330503
A,20,,THR,53.39855511174994,65.61524133102334,12.216686219273399,True,True,True,-0.7,-0.7916076037035273
A,21,,VAL,0.0,0.0,0.0,False,False,False,4.2,-0.47684917889778056
A,22,,THR,57.79419615442909,67.18288349879404,9.388687344364953,True,False,False,-0.7,-0.7916076037035273
A,23,,VAL,39.04318571124814,39.04318571124814,0.0,False,False,False,4.2,-0.47684917889778056
A,24,,PRO,47.84293753040053,70.51553525120454,22.672597720804006,True,True,True,-1.6,-0.09867193707367528
A,25,,LYS,56.255557170036354,102.80327888121488,46.547721711178525,True,True,True,-3.9,0.5549472748996638
A,26,,ASP,105.35537052291446,105.35537052291446,0.0,False,False,False,-3.5,-1.4408313369859873
A,27,,LEU,90.0095449233301,90.0095449233301,0.0,False,False,False,3.8,-0.4425471324330503
A,28,,TYR,15.562997616541717,17.978254048621547,2.415256432079831,True,False,False,-1.3,-0.445052725100336
A,29,,VAL,106.83289924700958,106.83289924700958,0.0,False,False,False,4.2,-0.47684917889778056
A,30,,VAL,28.618828366330177,28.618828366330177,0.0,False,False,False,4.2,-0.47684917889778056
A,31,,GLU,108.47360229353217,121.33111058228481,12.85750828875264,True,False,False,-3.5,-1.3305060940156797
A,32,,TYR,115.00792651743971,115.00792651743971,0.0,False,False,False,-1.3,-0.445052725100336
A,33,,GLY,50.53053234643475,50.53053234643475,0.0,False,False,False,-0.4,-0.4425471324330503
A,34,,SER,28.983077184957992,28.983077184957992,0.0,False,False,False,-0.8,-0.7467716876242864
A,35,,ASN,87.59171238527433,87.59171238527433,0.0,False,False,False,-3.5,-0.4425471324330503
A,36,,MET,19.287179778183813,19.287179778183813,0.0,False,False,False,1.9,-0.7151115172445417
A,37,,THR,11.852437400645584,57.25036133335148,45.39792393270589,True,True,True,-0.7,-0.7916076037035273
A,38,,ILE,0.0,0.0,0.0,False,False,False,4.5,-0.4425471324330503
A,39,,GLU,3.214377072188161,51.56620234698778,48.351825274799616,True,True,True,-3.5,-1.3305060940156797
A,40,,CYS,0.0,0.0,0.0,False,False,False,2.5,-0.46705049998338644
A,41,,LYS,41.810828308095836,85.37309452056799,43.56226621247215,True,True,True,-3.9,0.5549472748996638
A,42,,PHE,10.8507594326044,16.61656212884959,5.76580269624519,True,True,True,2.8,-0.4425471324330503
A,43,,PRO,36.34712116141984,72.34788801596672,36.000766854546875,True,True,True,-1.6,-0.09867193707367528
A,44,,VAL,42.73669336222059,63.13020384292197,20.39351048070138,True,True,True,4.2,-0.47684917889778056
A,45,,GLU,78.01574841964359,119.00352971798135,40.987781298337765,True,True,True,-3.5,-1.3305060940156797
A,46,,LYS,87.90833465927372,169.1351551956339,81.22682053636018,True,True,True,-3.9,0.5549472748996638
A,47,,GLU,83.55854830296636,149.90652213814235,66.34797383517599,True,True,True,-3.5,-1.3305060940156797
A,48,,LEU,35.7411330712836,36.81259209534632,1.0714590240627189,False,False,False,3.8,-0.4425471324330503
A,49,,ASP,34.42285796198425,88.03159818862997,53.60874022664572,True,True,True,-3.5,-1.4408313369859873
A,50,,LEU,57.62403492994005,57.62403492994005,0.0,False,False,False,3.8,-0.4425471324330503
A,51,,ALA,40.150433758820554,56.10404443953901,15.953610680718455,True,True,True,1.8,-0.39219770206852334
A,52,,ALA,2.279087240102637,50.56632136994445,48.287234129841806,True,True,True,1.8,-0.39219770206852334
A,53,,LEU,0.0,0.0,0.0,False,False,False,3.8,-0.4425471324330503
A,54,,ILE,24.152564320798326,61.58903901803573,37.4364746972374,True,True,True,4.5,-0.4425471324330503
A,55,,VAL,0.0,0.0,0.0,False,False,False,4.2,-0.47684917889778056
A,56,,TYR,0.0,53.218127162468974,53.218127162468974,True,True,True,-1.3,-0.445052725100336
A,57,,TRP,1.0935884027146072,1.0935884027146072,0.0,False,False,False,-0.9,-0.4425471324330503
A,58,,GLU,0.0,57.468174235210164,57.468174235210164,True,True,True,-3.5,-1.3305060940156797
A,59,,MET,13.28391037643908,21.056461928832515,7.772551552393436,True,True,True,1.9,-0.7151115172445417
A,60,,GLU,128.53685598811757,153.23833194372173,24.701475955604167,True,True,True,-3.5,-1.3305060940156797
A,61,,ASP,101.96056550144533,148.09206388513505,46.13149838368972,True,True,True,-3.5,-1.4408313369859873
A,62,,LYS,39.46280195880283,49.625087644558334,10.162285685755506,True,True,True,-3.9,0.5549472748996638
A,63,,ASN,3.3948050214691308,15.994476517956357,12.599671496487227,True,True,True,-3.5,-0.4425471324330503
A,64,,ILE,0.0,0.0,0.0,False,False,False,4.5,-0.4425471324330503
A,65,,ILE,6.038141080199582,6.038141080199582,0.0,False,False,False,4.5,-0.4425471324330503
A,66,,GLN,24.360198462459387,73.0848302542752,48.72463179181582,True,True,True,-3.5,-0.4425471324330503
A,67,,PHE,1.2076282160399163,1.2076282160399163,0.0,False,False,False,2.8,-0.4425471324330503
A,68,,VAL,13.28814524333612,51.65990977265905,38.37176452932293,True,True,True,4.2,-0.47684917889778056
A,69,,HIS,103.13428964956773,157.54478945415076,54.410499804583026,True,True,True,-3.2,-0.40592069125700336
A,70,,GLY,36.1930574576878,36.1930574576878,0.0,False,False,False,-0.4,-0.4425471324330503
A,71,,GLU,99.72150215174942,99.72150215174942,0.0,False,False,False,-3.5,-1.3305060940156797
A,72,,GLU,106.26429610945107,106.26429610945107,0.0,False,False,False,-3.5,-1.3305060940156797
A,76,,VAL,77.36135466990085,129.8799873784921,52.518632708591255,True,True,True,4.2,-0.47684917889778056
A,77,,GLN,45.538327991580125,73.80477019314245,28.26644220156232,True,True,True,-3.5,-0.4425471324330503
A,78,,HIS,49.03531017251461,65.98720590120837,16.951895728693756,True,False,False,-3.2,-0.40592069125700336
A,79,,SER,39.47382266583161,111.56970468549798,72.09588201966636,True,True,True,-0.8,-0.7467716876242864
A,80,,SER,13.538354248638626,44.52818028974486,30.989826041106234,True,True,True,-0.8,-0.7467716876242864
A,81,,TYR,2.4152564320798326,2.4152564320798326,0.0,False,False,False,-1.3,-0.445052725100336
A,82,,ARG,183.85303925561874,183.85303925561874,0.0,False,False,False,-4.5,0.5574277493335762
A,83,,GLN,140.7255569000328,154.8094298634114,14.083872963378582,True,False,False,-3.5,-0.4425471324330503
A,84,,ARG,23.31002687021739,23.31002687021739,0.0,False,False,False,-4.5,0.5574277493335762
A,85,,ALA,12.058387648644317,12.058387648644317,0.0,False,False,False,1.8,-0.39219770206852334
A,86,,ARG,144.5409080804821,144.5409080804821,0.0,False,False,False,-4.5,0.5574277493335762
A,87,,LEU,2.142918048125441,2.142918048125441,0.0,False,False,False,3.8,-0.4425471324330503
A,88,,LEU,31.398333617037824,33.81359004911766,2.4152564320798326,True,True,True,3.8,-0.4425471324330503
A,89,,LYS,63.66215087739842,63.66215087739842,0.0,False,False,False,-3.9,0.5549472748996638
A,90,,ASP,138.01745376715593,138.01745376715593,0.0,False,False,False,-3.5,-1.4408313369859873
A,91,,GLN,49.99696425014906,73.90100345930722,23.904039209158157,True,True,True,-3.5,-0.4425471324330503
A,92,,LEU,0.0,0.0,0.0,False,False,False,3.8,-0.4425471324330503
A,93,,SER,58.84776066673697,60.990678714862405,2.1429180481254377,True,False,False,-0.8,-0.7467716876242864
A,94,,LEU,20.78412354487812,139.89502033338857,119.11089678851044,True,True,True,3.8,-0.4425471324330503
A,95,,GLY,3.214377072188161,3.214377072188161,0.0,False,False,False,-0.4,-0.4425471324330503
A,96,,ASN,13.92133952585245,13.92133952585245,0.0,False,True,False,-3.5,-0.4425471324330503
A,97,,ALA,0.0,0.0,0.0,False,False,False,1.8,-0.39219770206852334
A,98,,ALA,0.0,1.2076282160399163,1.2076282160399163,False,True,False,1.8,-0.39219770206852334
A,99,,LEU,0.0,0.0,0.0,False,False,False,3.8,-0.4425471324330503
A,100,,GLN,52.458163333194996,53.551751735909605,1.0935884027146088,False,False,False,-3.5,-0.4425471324330503
A,101,,ILE,0.0,0.0,0.0,False,False,False,4.5,-0.4425471324330503
A,102,,THR,36.347121161419835,36.347121161419835,0.0,False,False,False,-0.7,-0.7916076037035273
A,103,,ASP,100.49849341320586,100.49849341320586,0.0,False,False,False,-3.5,-1.4408313369859873
A,104,,VAL,1.0714590240627204,1.0714590240627204,0.0,False,False,False,4.2,-0.47684917889778056
A,105,,LYS,93.75926195006058,93.75926195006058,0.0,False,False,False,-3.9,0.5549472748996638
A,106,,LEU,76.33925634961132,76.33925634961132,0.0,False,False,False,3.8,-0.4425471324330503
A,107,,GLN,88.35336010821064,118.72533540532069,30.371975297110055,True,True,True,-3.5,-0.4425471324330503
A,108,,ASP,5.357295120313602,5.357295120313602,0.0,False,False,False,-3.5,-1.4408313369859873
A,109,,ALA,38.08153163361369,38.08153163361369,0.0,False,False,False,1.8,-0.39219770206852334
A,110,,GLY,21.73730788871849,21.73730788871849,0.0,False,False,False,-0.4,-0.4425471324330503
A,111,,VAL,54.752619244558986,72.18619652527175,17.43357728071277,True,True,True,4.2,-0.47684917889778056
A,112,,TYR,0.0,0.0,0.0,False,False,False,-1.3,-0.445052725100336
A,113,,ARG,0.0,53.337331754116796,53.337331754116796,True,True,True,-4.5,0.5574277493335762
A,114,,CYS,0.0,0.0,0.0,False,False,False,2.5,-0.46705049998338644
A,115,,MET,0.0,27.04282956210094,27.04282956210094,True,True,True,1.9,-0.7151115172445417
A,116,,ILE,1.2076282160399163,1.2076282160399163,0.0,False,False,False,4.5,-0.4425471324330503
A,117,,SER,3.214377072188161,17.415682768957918,14.201305696769758,True,True,True,-0.8,-0.7467716876242864
A,118,,TYR,16.480392936872395,33.50546264165358,17.025069704781185,True,True,True,-1.3,-0.445052725100336
A,119,,GLY,6.038141080199582,70.05174821094039,64.01360713074081,True,True,True,-0.4,-0.4425471324330503
A,120,,GLY,8.748707221716858,36.0679969373337,27.319289715616847,True,True,True,-0.4,-0.4425471324330503
A,121,,ALA,4.285836096250882,59.915826770733815,55.62999067448293,True,True,True,1.8,-0.39219770206852334
A,122,,ASP,26.123524153436875,30.68169863364215,4.558174480205274,True,True,True,-3.5,-1.4408313369859873
A,123,,TYR,58.03074551487379,123.47921854147397,65.44847302660017,True,True,True,-1.3,-0.445052725100336
A,124,,LYS,62.74985750353716,62.74985750353716,0.0,False,False,False,-3.9,0.5549472748996638
A,125,,ARG,98.04762388680496,160.31493275875076,62.2673088719458,True,True,True,-4.5,0.5574277493335762
A,126,,ILE,1.0935884027146072,1.0935884027146072,0.0,False,False,False,4.5,-0.4425471324330503
A,127,,THR,41.414183386024206,41.414183386024206,0.0,False,False,False,-0.7,-0.7916076037035273
A,128,,VAL,0.0,0.0,0.0,False,False,False,4.2,-0.47684917889778056
A,129,,LYS,110.66605697461941,110.66605697461941,0.0,False,False,False,-3.9,0.5549472748996638
A,130,,VAL,21.631737809187264,21.631737809187264,0.0,False,False,False,4.2,-0.47684917889778056
A,131,,ASN,95.20935828710456,95.20935828710456,0.0,False,False,False,-3.5,-0.4425471324330503
A,132,,ALA,71.73766505893343,71.73766505893343,0.0,False,False,False,1.8,-0.39219770206852334
A,133,,PRO,141.203028717896,141.203028717896,0.0,False,False,False,-1.6,-0.09867193707367528
